eval_model_name,n,winner_count,tie_count_global,best_count,best_rate,tie_count,tie_rate,major_or_critical_omission_rate,major_or_critical_hallucination_rate,coverage_score_mean,factuality_score_mean,temporal_order_score_mean,specificity_score_mean,procedural_usefulness_score_mean
claude_sonnet_4_6,138,83,44,83,0.6014492753623188,44,0.3188405797101449,0.0,0.014492753623188406,4.971014492753623,4.8768115942028984,4.971014492753623,4.949275362318841,4.956521739130435
gpt_5_5,138,11,44,11,0.07971014492753623,44,0.3188405797101449,0.0,0.0,4.804347826086956,4.927536231884058,4.956521739130435,4.282608695652174,4.579710144927536
