eval_model_name,n,rouge1_f1_mean,rouge2_f1_mean,rougeL_f1_mean,bertscore_precision_mean,bertscore_recall_mean,bertscore_f1_mean,gold_word_count_mean,model_word_count_mean
claude_sonnet_4_6,138,0.5545577228747459,0.2863419115935936,0.3983795814519142,0.23636544553859942,0.4414055602544028,0.3373845878286638,108.8768115942029,201.18115942028984
gpt_5_5,138,0.6455055700648222,0.316726790151547,0.4718906355361313,0.4255077070084171,0.4864308162308905,0.4560711211052494,108.8768115942029,117.08695652173913
